     Depth,Temperature,TC FCond 25'C
         m,      deg C,        uS/cm
      1.78,    23.7495,         -999
      1.83,    23.7347,      77.1713
      1.88,    23.7767,      77.1965
      1.93,    23.7548,      77.1249
      1.98,    23.7534,      77.1622
      2.03,    23.7767,      77.1646
      2.08,    23.7703,      77.1249
      2.13,    23.8016,      77.1357
      2.18,     23.764,      77.0825
      2.23,    23.7734,      77.1465
      2.28,    23.7569,      77.1309
      2.33,    23.6886,       77.159
      2.38,    23.6817,      77.2753
      2.43,    23.7005,       77.287
      2.48,    23.6728,      77.2549
      2.53,    23.6672,      77.3048
      2.58,    23.6458,      77.3119
      2.63,    23.6601,      77.3486
      2.68,    23.6525,      77.3241
      2.73,    23.6345,      77.3371
      2.78,    23.6803,      77.3679
      2.83,    23.6803,      77.2895
      2.88,    23.6601,      77.2895
      2.93,    23.5907,      77.3241
      2.98,    23.6254,       77.443
      3.03,     23.563,      77.3835
      3.08,    23.6115,      77.4907
      3.13,    23.5907,      77.4073
      3.18,     23.563,       77.443
      3.23,     23.563,      77.4907
      3.28,     23.563,      77.4907
      3.33,    23.5387,      77.4907
      3.38,     23.563,      77.5324
      3.43,    23.5387,      77.4907
      3.48,    23.5127,      77.5324
      3.53,    23.5387,      77.5772
      3.58,    23.5145,      77.5324
      3.63,    23.5387,      77.5742
      3.68,    23.5387,      133.205
      3.73,    23.5127,      626.454
      3.78,     23.563,      703.131
      3.83,    23.5387,      693.416
      3.88,    23.5387,      767.559
      3.93,    23.5387,      764.387
      3.98,    23.5615,      766.904
      4.03,    23.5539,      765.946
      4.08,    23.5842,      764.993
      4.13,     23.563,      763.792
      4.18,    23.5615,      765.232
      4.23,    23.5873,      764.472
      4.28,    23.5615,       764.82
      4.33,    23.5601,      764.766
      4.38,    23.5842,      764.633
      4.43,    23.5615,      764.969
      4.48,    23.5601,      765.356
      4.53,    23.5615,       764.91
      4.58,    23.5816,      765.651
      4.63,    23.5816,       764.27
      4.68,    23.5842,      767.049
      4.73,    23.5615,      765.264
      4.78,    23.5842,      765.651
      4.83,    23.5842,      765.264
      4.88,     23.563,      765.264
      4.93,     23.603,      764.289
      4.98,    23.5842,      767.522
      5.03,     23.607,       766.15
      5.08,    23.5842,       766.06
      5.13,     23.607,      766.446
      5.18,     23.607,       766.06
      5.23,    23.5873,       766.06
      5.28,     23.607,      764.505
      5.33,    23.6115,      766.652
      5.38,    23.6115,      767.563
      5.43,     23.607,      767.563
      5.48,     23.607,      766.948
      5.53,    23.6358,      766.948
      5.58,    23.5873,       767.15
      5.63,    23.6115,      765.449
      5.68,     23.607,      768.197
      5.73,    23.6143,      767.541
      5.78,    23.6244,      767.518
      5.83,     23.603,      769.399
      5.88,    23.6041,      767.522
      5.93,     23.603,      768.422
      5.98,     23.607,      767.243
      6.03,    23.6244,      768.136
      6.08,     23.603,      767.158
      6.13,    23.6297,      767.802
      6.18,    23.6244,      768.343
      6.23,    23.6244,      770.806
      6.28,    23.6297,      768.557
      6.33,    23.6297,      769.237
      6.38,    23.6244,      769.237
      6.43,    23.6525,      768.837
      6.48,    23.6297,      769.148
      6.53,    23.6458,      769.835
      6.58,    23.6525,      768.753
      6.63,    23.6458,      769.447
      6.68,    23.6525,      771.287
      6.73,    23.6458,      769.447
      6.78,    23.6525,      769.034
      6.83,    23.6458,      769.447
      6.88,    23.6458,      769.315
      6.93,    23.6525,      769.034
      6.98,    23.6672,      769.746
      7.03,    23.6525,      771.769
      7.08,    23.6525,      770.045
      7.13,    23.6672,      770.344
      7.18,    23.6525,      769.231
      7.23,    23.6458,      770.045
      7.28,    23.6525,      769.877
      7.33,    23.6458,      770.344
      7.38,    23.6525,      769.877
      7.43,    23.6458,      770.344
      7.48,    23.6458,      772.418
      7.53,    23.6525,      770.159
      7.58,    23.6672,      770.643
      7.63,    23.6525,      769.512
      7.68,    23.6458,      770.643
      7.73,    23.6525,      770.159
      7.78,    23.6886,      770.344
      7.83,    23.6525,      771.969
      7.88,    23.6672,      770.643
      7.93,    23.6525,      769.794
      7.98,    23.6398,      772.144
      8.03,    23.6711,      771.326
      8.08,    23.6653,      773.003
      8.13,    23.6601,      771.911
      8.18,    23.6427,      771.314
      8.23,    23.6444,       771.41
      8.28,    23.6358,      770.182
      8.33,    23.6444,      772.249
      8.38,     23.638,       771.42
      8.43,    23.6458,      770.727
      8.48,    23.6647,      771.658
      8.53,    23.6367,      771.866
      8.58,    23.6647,      770.682
      8.63,    23.6367,      772.236
      8.68,    23.6466,      770.866
      8.73,    23.6367,        772.1
      8.78,    23.6507,      770.497
      8.83,    23.6646,       771.92
      8.88,    23.7086,      771.962
      8.93,     23.698,      772.289
      8.98,     23.698,      771.668
      9.03,    23.6752,      771.668
      9.08,     23.698,      771.756
      9.13,    23.6843,      771.367
      9.18,    23.7086,      772.061
      9.23,    23.6787,      771.968
      9.28,    23.6787,      770.703
      9.33,    23.7067,      770.703
      9.38,    23.7256,      770.594
      9.43,    23.7495,      771.951
      9.48,    23.7612,      772.692
      9.53,    23.7495,       770.59
      9.58,    23.7612,      772.692
      9.63,    23.7495,      771.125
      9.68,    23.7686,      772.946
      9.73,    23.7409,      772.619
      9.78,    23.7686,      770.935
      9.83,    23.7686,      772.365
      9.88,    23.7495,      772.365
      9.93,    23.7495,      772.692
      9.98,    23.7686,      770.411
     10.03,    23.7612,      772.111
     10.08,    23.7495,      773.269
     10.13,    23.7814,      770.158
     10.18,    23.7495,      772.655
     10.23,    23.7495,      772.692
     10.28,    23.7612,      770.158
     10.33,    23.7686,          773
     10.38,    23.7303,      772.365
     10.43,    23.7686,      770.484
     10.48,    23.7571,      772.365
     10.53,    23.7347,      772.747
     10.58,    23.7467,      771.596
     10.63,    23.7435,      773.593
     10.68,    23.7303,      771.493
     10.73,    23.7717,      769.979
     10.78,    23.7467,      772.241
     10.83,    23.8261,      771.954
     10.88,    23.8069,      771.385
     10.93,    23.8261,      769.181
     10.98,    23.8218,      771.385
     11.03,    23.8069,      772.234
     11.08,    23.8261,      769.181
     11.13,    23.8261,      771.385
     11.18,    23.8261,      771.385
     11.23,    23.8261,      771.132
     11.28,    23.8261,      769.108
     11.33,    23.8452,      771.385
     11.38,    23.8299,      771.059
     11.43,    23.8452,      770.623
     11.48,    23.8299,      771.059
     11.53,    23.8365,      770.623
     11.58,    23.8299,      769.746
     11.63,    23.8334,      770.623
     11.68,    23.8507,      770.163
     11.73,     23.816,      771.934
     11.78,    23.8334,      770.458
     11.83,     23.816,      770.163
     11.88,    23.8334,      770.458
     11.93,     23.816,      772.229
     11.98,     23.816,      770.229
     12.03,     23.816,      770.229
     12.08,    23.8334,      770.229
     12.13,    23.8016,      771.769
     12.18,    23.8218,      769.369
     12.23,    23.8261,      771.698
     12.28,    23.8548,      768.604
     12.33,    23.8835,      770.858
     12.38,    23.8835,      770.916
     12.43,    23.8845,       771.17
     12.48,    23.8835,      770.418
     12.53,    23.8845,       771.17
     12.58,    23.8644,      770.658
     12.63,    23.8835,      769.216
     12.68,    23.8663,       771.17
     12.73,    23.8835,      770.968
     12.78,    23.8845,      770.916
     12.83,    23.8845,      770.418
     12.88,    23.8663,      770.658
     12.93,    23.8845,      770.486
     12.98,    23.8663,      770.177
     13.03,    23.8644,      770.486
     13.08,    23.8845,      771.241
     13.13,    23.8663,      769.936
     13.18,    23.8663,      770.245
     13.23,    23.8452,      770.005
     13.28,    23.8644,      768.783
     13.33,    23.8623,      770.734
     13.38,    23.8623,      771.277
     13.43,    23.8507,      768.873
     13.48,    23.8507,       769.64
     13.53,    23.8623,      770.098
     13.58,    23.8507,       771.01
     13.63,    23.8507,      768.384
     13.68,    23.8784,      771.474
     13.73,    23.8599,      770.039
     13.78,     23.913,      769.336
     13.83,    23.9482,      770.224
     13.88,    23.9455,      769.819
     13.93,    23.9455,      769.016
     13.98,    23.9482,      769.298
     14.03,    23.9669,      769.819
     14.08,    23.9482,      771.489
     14.13,    23.9455,      769.819
     14.18,    23.9241,      769.298
     14.23,    23.9634,      769.661
     14.28,    23.9455,      770.633
     14.33,    23.9241,      769.298
     14.38,    23.9455,      769.378
     14.43,    23.9669,      769.298
     14.48,    23.9241,      771.204
     14.53,    23.9455,      769.378
     14.58,    23.9455,      769.016
     14.63,    23.9455,      769.016
     14.68,    23.9241,      771.568
     14.73,    23.9455,      769.378
     14.78,    23.9241,      768.733
     14.83,    23.9254,      769.095
     14.88,    23.9455,      770.205
     14.93,    23.9229,      771.283
     14.98,    23.9241,      768.645
     15.03,    23.9229,      769.095
     15.08,    23.9027,      771.051
     15.13,    23.9431,      769.175
     15.18,    23.9229,      770.172
     15.23,    23.9241,      768.112
     15.28,    23.9431,      768.531
     15.33,    23.9809,      770.172
     15.38,    23.9793,      769.083
     15.43,    24.0176,      767.271
     15.48,    23.9985,      768.898
     15.53,    23.9836,      769.221
     15.58,    23.9985,      767.354
     15.63,    23.9985,      769.221
     15.68,    23.9985,      768.968
     15.73,    23.9937,      769.221
     15.78,    23.9836,      768.568
     15.83,    23.9793,       767.62
     15.88,    23.9985,      769.292
     15.93,    23.9793,      769.221
     15.98,    23.9985,       767.02
     16.03,    23.9985,      768.968
     16.08,    23.9836,      769.221
     16.13,    23.9793,      767.354
     16.18,    23.9985,      769.292
     16.23,    23.9634,      768.968
     16.28,    23.9836,      767.695
     16.33,    23.9793,      769.755
     16.38,    23.9602,      769.039
     16.43,    23.9836,      767.091
     16.48,    23.9573,      769.755
     16.53,    23.9689,      768.703
     16.58,    23.9573,      767.287
     16.63,    23.9755,      768.463
     16.68,    23.9793,      767.916
     16.73,    24.0038,      768.786
     16.78,     24.015,      769.146
     16.83,    24.0368,      767.729
     16.88,     24.024,      768.068
     16.93,     24.024,      766.406
     16.98,     24.024,      768.804
     17.03,    24.0442,      766.406
     17.08,    24.0442,      768.196
     17.13,    24.0442,      766.066
     17.18,    24.0368,      768.463
     17.23,    24.0368,      768.321
     17.28,    24.0368,        765.8
     17.33,     24.056,      768.574
     17.38,    24.0645,      769.518
     17.43,    24.0751,      772.688
     17.48,    24.0483,       774.56
     17.53,    24.0442,      770.054
     17.58,    24.0176,       768.73
     17.63,    24.0301,      766.123
     17.68,    24.0368,      768.675
     17.73,    24.0645,      768.068
     17.78,    24.0442,      774.041
     17.83,    24.0526,      773.572
     17.88,    24.0442,      773.176
     17.93,    24.0312,      772.221
     17.98,    24.0645,        774.4
     18.03,     24.002,      775.671
     18.08,    24.0035,      767.165
     18.13,    24.0119,      767.745
     18.18,     24.002,      769.705
     18.23,    24.0067,      768.472
     18.28,    24.0488,        767.8
     18.33,    24.1211,      775.097
     18.38,    24.1211,      773.921
     18.43,    24.1393,      774.165
     18.48,    24.1326,      773.612
     18.53,    24.1134,      774.356
     18.58,    24.1393,      772.114
     18.63,    24.1326,      773.368
     18.68,    24.1211,      774.356
     18.73,    24.1211,      773.921
     18.78,    24.1326,      773.677
     18.83,    24.1393,      774.356
     18.88,    24.1393,      773.612
     18.93,    24.1326,      773.856
     18.98,    24.1453,      774.099
     19.03,    24.1168,      772.399
     19.08,    24.1517,      773.233
     19.13,    24.1517,      774.031
     19.18,    24.1326,      774.031
     19.23,    24.1517,      774.356
     19.28,    24.1326,      771.978
     19.33,    24.1575,      774.614
     19.38,    24.1517,       773.06
     19.43,    24.1393,      774.031
     19.48,    24.1393,      773.612
     19.53,    24.1517,      773.612
     19.58,    24.1575,      773.774
     19.63,    24.1326,      773.304
     19.68,    24.1393,       771.79
     19.73,    24.1517,      773.368
     19.78,    24.1393,      773.774
     19.83,    24.1517,      773.368
     19.88,    24.1517,      773.517
     19.93,    24.1326,      773.774
     19.98,    24.1326,       771.79
     20.03,    24.1517,      774.099
     20.08,    24.1326,      773.774
     20.13,    24.1251,      774.099
     20.18,    24.1326,       771.93
     20.23,     24.128,      773.841
     20.28,    24.1332,      773.234
     20.33,    24.1173,      774.122
     20.38,    24.1178,      772.665
     20.43,    24.1292,      773.444
     20.48,    24.1087,      773.756
     20.53,    24.1188,      773.405
     20.58,    24.1263,      773.451
     20.63,     24.206,      774.917
     20.68,    24.2005,      773.744
     20.73,    24.1939,      772.598
     20.78,     24.206,      774.154
     20.83,     24.223,      773.948
     20.88,     24.217,      774.886
     20.93,    24.2121,      772.318
     20.98,    24.2284,      773.601
     21.03,    24.2121,      773.763
     21.08,    24.2303,      773.601
     21.13,    24.2121,      773.049
     21.18,    24.2303,      773.601
     21.23,    24.2303,      773.049
     21.28,    24.2284,      773.293
     21.33,    24.2147,      773.763
     21.38,    24.2475,      772.929
     21.43,    24.2303,      773.439
     21.48,    24.2303,      773.049
     21.53,    24.2092,      773.293
     21.58,    24.2485,      771.775
     21.63,    24.2475,      772.985
     21.68,    24.2303,      773.439
     21.73,    24.2485,      773.538
     21.78,    24.2303,      772.985
     21.83,    24.2485,      773.538
     21.88,    24.2303,      773.474
     21.93,    24.2475,      773.538
     21.98,    24.2485,      773.954
     22.03,    24.2303,       773.23
     22.08,    24.2475,      773.538
     22.13,    24.2485,      773.954
     22.18,    24.2485,       773.23
     22.23,    24.2284,      773.474
     22.28,    24.2475,      771.708
     22.33,    24.2485,      773.954
     22.38,    24.2485,      773.474
     22.43,    24.2475,       773.23
     22.48,    24.2667,      773.954
     22.53,    24.2485,      772.922
     22.58,    24.2485,      773.474
     22.63,    24.2667,       773.23
     22.68,    24.2667,      773.167
     22.73,    24.2667,      773.888
     22.78,    24.2485,      773.167
     22.83,    24.2667,      773.474
     22.88,    24.2485,      771.574
     22.93,    24.2667,      773.719
     22.98,    24.2667,      773.888
     23.03,    24.2667,      773.411
     23.08,    24.2667,      774.146
     23.13,    24.2667,      773.656
     23.18,    24.2667,      773.888
     23.23,    24.2667,      773.411
     23.28,    24.2667,      773.411
     23.33,    24.2667,      771.574
     23.38,     24.284,      773.167
     23.43,    24.2849,      774.554
     23.48,    24.2667,       772.86
     23.53,    24.2849,      773.167
     23.58,    24.2667,       772.86
     23.63,    24.2849,      773.411
     23.68,    24.2667,      772.615
     23.73,    24.2849,      771.318
     23.78,    24.2849,       772.86
     23.83,    24.2849,       772.86
     23.88,    24.2849,       772.86
     23.93,    24.2849,       772.86
     23.98,    24.2849,      772.615
     24.03,    24.2667,       772.86
     24.08,    24.2849,      773.167
     24.13,    24.3013,      772.615
     24.18,    24.2849,      774.261
     24.23,    24.2849,       772.86
     24.28,    24.2849,       772.86
     24.33,    24.2849,       772.86
     24.38,    24.2849,       772.86
     24.43,    24.2849,       772.86
     24.48,    24.3031,      773.104
     24.53,    24.2849,      772.552
     24.58,    24.2849,       772.86
     24.63,     24.284,       772.86
     24.68,    24.2849,      772.455
     24.73,     24.284,      772.371
     24.78,    24.2667,      771.758
     24.83,    24.2849,      772.051
     24.88,    24.3013,      772.127
     24.93,    24.2849,       773.56
     24.98,    24.2667,      772.371
     25.03,    24.2849,      772.678
     25.08,    24.2849,      772.615
     25.13,    24.2667,      772.615
     25.18,    24.2849,      772.678
     25.23,    24.2667,      772.615
     25.28,    24.2667,      772.678
     25.33,    24.2667,      770.806
     25.38,    24.2667,      772.434
     25.43,    24.2667,       773.68
     25.48,    24.2485,      772.434
     25.53,    24.2667,      772.985
     25.58,    24.2515,      772.283
     25.63,    24.2336,      772.771
     25.68,    24.2475,      771.596
     25.73,    24.2464,      772.667
     25.78,    24.2485,      773.944
     25.83,    24.2639,      772.497
     25.88,    24.3678,      773.485
     25.93,    24.3678,      772.984
     25.98,    24.3577,      770.813
     26.03,    24.3737,      772.304
     26.08,    24.3577,       774.07
     26.13,    24.3737,      772.304
     26.18,    24.3523,      771.477
     26.23,    24.3523,      771.264
     26.28,    24.3737,      772.125
     26.33,    24.3737,       774.07
     26.38,    24.3678,       771.19
     26.43,    24.3737,      771.083
     26.48,    24.3737,       774.07
     26.53,    24.3523,      771.477
     26.58,    24.3804,      771.838
     26.63,    24.3737,      772.227
     26.68,    24.3737,      771.477
     26.73,    24.3737,       774.07
     26.78,    24.3804,      772.052
     26.83,    24.3737,      771.922
     26.88,     24.388,      771.477
     26.93,    24.3737,      773.188
     26.98,    24.3737,      771.477
     27.03,    24.3951,      771.765
     27.08,    24.3951,      771.405
     27.13,    24.3737,      773.998
     27.18,    24.3951,      771.765
     27.23,    24.3737,      771.118
     27.28,    24.4165,      771.477
     27.33,    24.3951,      773.637
     27.38,    24.3737,      771.118
     27.43,    24.3951,      771.765
     27.48,    24.4165,      771.118
     27.53,    24.4032,      773.926
     27.58,    24.3951,       772.15
     27.63,     24.388,      771.405
     27.68,    24.4165,      771.014
     27.73,     24.388,      773.637
     27.78,    24.3951,      771.014
     27.83,    24.4165,      771.692
     27.88,    24.4165,      773.926
     27.93,    24.3951,      771.332
     27.98,    24.3951,      771.692
     28.03,    24.4284,      771.692
     28.08,    24.4165,      772.779
     28.13,    24.3951,      771.332
     28.18,    24.4379,      771.692
     28.23,    24.4165,      773.855
     28.28,    24.4032,       771.62
     28.33,    24.4165,      772.456
     28.38,    24.4165,       771.62
     28.43,    24.4284,       771.62
     28.48,    24.4082,      773.597
     28.53,    24.4082,      771.759
     28.58,    24.4165,      773.665
     28.63,    24.4284,      771.907
     28.68,    24.4082,      773.325
     28.73,    24.4165,      771.217
     28.78,    24.4082,      771.332
     28.83,    24.4082,      773.665
     28.88,    24.4379,      770.675
     28.93,    24.4082,      773.855
     28.98,    24.3951,      771.217
     29.03,    24.4284,      772.267
     29.08,    24.4165,      773.597
     29.13,    24.4284,      771.907
     29.18,    24.4082,      773.597
     29.23,    24.4082,      771.217
     29.28,    24.4082,      773.392
     29.33,    24.4165,      771.217
     29.38,    24.4284,       771.62
     29.43,    24.4082,      773.325
     29.48,    24.4165,      771.217
     29.53,    24.4082,      774.505
     29.58,    24.4082,      771.488
     29.63,    24.4165,      773.938
     29.68,     24.388,       771.62
     29.73,    24.3951,      771.557
     29.78,     24.388,      774.867
     29.83,     24.388,      771.557
     29.88,    24.3433,      773.733
     29.93,    24.3759,       771.31
     29.98,    24.3759,      772.059
     30.03,    24.3659,      772.059
     30.08,    24.3889,      773.139
     30.13,    24.4652,      773.297
     30.18,    24.4965,      771.469
     30.23,    24.4965,      772.337
     30.28,    24.5157,      772.079
     30.33,    24.4774,      771.758
     30.38,    24.5093,      769.828
     30.43,    24.5157,      772.783
     30.48,    24.4965,      771.758
     30.53,    24.5157,      769.764
     30.58,    24.5295,      772.274
     30.63,    24.4965,      772.989
     30.68,    24.5349,      770.791
     30.73,    24.5032,      772.469
     30.78,    24.5349,      772.612
     30.83,    24.5157,      772.211
     30.88,    24.5157,      772.791
     30.93,    24.5157,      770.214
     30.98,    24.5349,      772.791
     31.03,    24.5157,      772.211
     31.08,    24.5157,      772.274
     31.13,    24.5349,        769.7
     31.18,    24.5295,      772.211
     31.23,    24.5157,      772.716
     31.28,    24.5349,      770.214
     31.33,    24.5295,      771.952
     31.38,    24.5157,      772.716
     31.43,    24.5396,      769.957
     31.48,    24.5157,      771.266
     31.53,    24.5349,      772.274
     31.58,    24.5349,      771.952
     31.63,    24.5157,      771.694
     31.68,    24.5349,        769.7
     31.73,    24.5349,      771.694
     31.78,    24.5349,      772.211
     31.83,    24.5349,      771.952
     31.88,    24.5349,      769.636
     31.93,    24.5498,      772.211
     31.98,    24.5157,      772.377
     32.03,     24.554,      770.214
     32.08,    24.5498,      771.889
     32.13,    24.5349,      772.923
     32.18,     24.554,      770.407
     32.23,    24.5578,      772.665
     32.28,     24.554,      771.696
     32.33,    24.5498,      771.889
     32.38,    24.5578,      770.472
     32.43,     24.554,      771.941
     32.48,     24.554,      770.858
     32.53,     24.554,      771.631
     32.58,     24.554,      771.631
     32.63,     24.554,      769.573
     32.68,    24.5732,      772.406
     32.73,    24.5498,      772.085
     32.78,    24.5732,      770.472
     32.83,     24.554,      771.568
     32.88,    24.5732,      771.373
     32.93,    24.5349,      770.795
     32.98,    24.5732,      769.124
     33.03,    24.5732,      771.053
     33.08,    24.5578,      771.053
     33.13,    24.5732,      770.717
     33.18,    24.5349,      770.795
     33.23,     24.576,      769.124
     33.28,    24.5732,      770.168
     33.33,    24.5732,      771.053
     33.38,    24.5732,      770.795
     33.43,     24.554,      770.795
     33.48,    24.5732,      768.804
     33.53,     24.554,      770.795
     33.58,    24.5732,      771.373
     33.63,     24.554,      770.538
     33.68,    24.5732,       769.06
     33.73,    24.5923,      770.795
     33.78,    24.5732,      770.475
     33.83,    24.5498,      771.053
     33.88,    24.5923,      769.387
     33.93,    24.5732,      770.732
     33.98,    24.5732,      770.795
     34.03,    24.5732,      768.484
     34.08,    24.5732,      771.053
     34.13,    24.5923,      770.795
     34.18,    24.5732,      770.475
     34.23,    24.5923,      768.484
     34.28,    24.5902,      770.732
     34.33,    24.5732,      771.154
     34.38,    24.5923,       768.74
     34.43,     24.576,      770.475
     34.48,    24.6115,      770.657
     34.53,      24.57,      770.412
     34.58,    24.5923,      769.591
     34.63,    24.5923,       770.99
     34.68,    24.6115,       770.99
     34.73,    24.5732,       770.67
     34.78,    24.5923,      768.996
     34.83,    24.6115,       770.99
     34.88,    24.5942,       770.67
     34.93,    24.6115,      770.597
     34.98,    24.6104,      771.702
     35.03,    24.6133,      769.729
     35.08,    24.6104,      770.418
     35.13,    24.6104,      772.452
     35.18,    24.6115,      770.001
     35.23,    24.6306,      771.702
     35.28,    24.6115,      771.381
     35.33,    24.6115,       771.96
     35.38,    24.6124,      769.383
     35.43,    24.6124,      771.273
     35.48,    24.6124,      771.027
     35.53,    24.6115,      771.027
     35.58,    24.6124,      771.702
     35.63,    24.6306,      771.273
     35.68,    24.6115,      771.123
     35.73,    24.6104,       771.96
     35.78,    24.6306,      769.729
     35.83,    24.6306,      771.381
     35.88,    24.6306,       771.64
     35.93,    24.6306,      769.064
     35.98,    24.6306,      771.898
     36.03,    24.6306,      770.968
     36.08,    24.6306,       771.64
     36.13,    24.6472,      770.595
     36.18,    24.6306,      771.762
     36.23,    24.6306,      771.213
     36.28,    24.6306,      770.968
     36.33,    24.6488,      770.968
     36.38,    24.6115,      770.664
     36.43,    24.6488,       769.64
     36.48,    24.6498,      770.419
     36.53,    24.6306,      771.061
     36.58,    24.6488,      771.381
     36.63,    24.6498,      770.664
     36.68,    24.6306,      771.061
     36.73,    24.6488,      769.064
     36.78,    24.6498,      770.664
     36.83,    24.6488,      771.319
     36.88,    24.6498,      770.419
     36.93,    24.6488,      771.319
     36.98,    24.6498,      770.664
     37.03,    24.6488,      771.061
     37.08,     24.667,      770.664
     37.13,    24.6306,       770.36
     37.18,    24.6689,      769.064
     37.23,    24.6488,      770.999
     37.28,    24.6689,      770.909
     37.33,    24.6488,      770.999
     37.38,    24.6488,      770.664
     37.43,     24.667,      770.909
     37.48,    24.6498,       770.36
     37.53,    24.6498,      771.319
     37.58,     24.667,      768.745
     37.63,    24.6689,       770.36
     37.68,    24.6488,      770.999
     37.73,    24.6689,      770.909
     37.78,     24.667,      770.999
     37.83,    24.6689,       770.36
     37.88,     24.667,      771.258
     37.93,    24.6498,      770.605
     37.98,     24.667,      769.001
     38.03,    24.6689,       770.36
     38.08,     24.667,      770.999
     38.13,     24.667,       770.36
     38.18,     24.667,      770.605
     38.23,     24.667,      770.605
     38.28,    24.6689,      770.605
     38.33,     24.667,      770.999
     38.38,     24.667,       770.36
     38.43,    24.6881,      770.605
     38.48,     24.667,      770.938
     38.53,     24.667,      770.605
     38.58,     24.667,      770.605
     38.63,    24.6689,      770.605
     38.68,     24.667,      768.939
     38.73,    24.6689,      770.851
     38.78,    24.6852,      771.258
     38.83,     24.667,      770.302
     38.88,    24.6852,      770.605
     38.93,     24.667,      770.302
     38.98,     24.667,      770.605
     39.03,    24.6852,      770.605
     39.08,     24.667,      770.057
     39.13,    24.6852,       770.36
     39.18,    24.6852,      770.057
     39.23,    24.6689,      770.302
     39.28,    24.6852,      770.999
     39.33,    24.6881,      770.057
     39.38,     24.667,       770.68
     39.43,    24.6689,      770.605
     39.48,     24.667,      768.682
     39.53,    24.6852,      770.605
     39.58,     24.667,      770.547
     39.63,    24.6881,      770.605
     39.68,    24.6852,      770.938
     39.73,     24.667,      770.547
     39.78,    24.6852,      770.605
     39.83,    24.7034,      770.547
     39.88,    24.6852,      769.998
     39.93,    24.6881,      770.302
     39.98,    24.6852,      771.196
     40.03,    24.7034,      770.792
     40.08,    24.6881,      770.243
     40.13,    24.6852,      771.196
     40.18,    24.6881,      770.547
     40.23,    24.6852,      768.877
     40.28,    24.7034,      770.547
     40.33,    24.6852,      770.243
     40.38,    24.6881,      770.547
     40.43,    24.6852,      771.196
     40.48,    24.7034,      770.792
     40.53,    24.6852,      770.243
     40.58,    24.7073,      770.792
     40.63,    24.6852,      770.876
     40.68,    24.6852,      770.547
     40.73,    24.7073,      770.547
     40.78,    24.6852,      770.876
     40.83,    24.6881,      770.547
     40.88,    24.7034,      768.877
     40.93,    24.7034,      770.243
     40.98,    24.6852,      770.243
     41.03,    24.7073,      770.302
     41.08,    24.7034,      770.618
     41.13,    24.7034,      769.998
     41.18,    24.7034,      769.754
     41.23,    24.7034,      769.998
     41.28,    24.7034,      769.754
     41.33,    24.7034,      769.998
     41.38,    24.7073,      769.754
     41.43,    24.7034,       770.36
     41.48,    24.7073,      769.754
     41.53,    24.7034,       770.36
     41.58,    24.7073,      769.754
     41.63,    24.7034,      768.045
     41.68,    24.7034,      769.998
     41.73,    24.7034,      769.754
     41.78,    24.7264,      769.509
     41.83,    24.7034,      770.041
     41.88,    24.7216,      769.998
     41.93,    24.7034,      769.695
     41.98,    24.7216,      769.998
     42.03,    24.7034,      769.695
     42.08,    24.7264,      770.243
     42.13,    24.7034,      770.299
     42.18,    24.7216,      770.243
     42.23,    24.7264,       769.94
     42.28,    24.7034,      770.557
     42.33,    24.7216,      770.243
     42.38,    24.7173,       769.94
     42.43,    24.7216,      769.849
     42.48,    24.7073,       769.94
     42.53,    24.7216,      771.135
     42.58,    24.7216,       769.94
     42.63,    24.7216,      770.185
     42.68,    24.7216,       769.94
     42.73,    24.7216,       769.94
     42.78,    24.7073,      770.185
     42.83,    24.7216,      768.558
     42.88,    24.7216,       769.94
     42.93,    24.7264,       769.94
     42.98,    24.7216,      770.815
     43.03,    24.7264,      770.185
     43.08,    24.7216,      770.557
     43.13,    24.7216,      770.185
     43.18,    24.7216,       769.94
     43.23,    24.7216,      770.185
     43.28,    24.7216,       769.94
     43.33,    24.7264,       769.94
     43.38,    24.7216,      770.299
     43.43,    24.7216,       769.94
     43.48,    24.7398,      769.695
     43.53,    24.7216,      769.637
     43.58,    24.7216,       769.94
     43.63,    24.7073,       769.94
     43.68,    24.7398,      768.301
     43.73,    24.7264,      770.127
     43.78,    24.7216,      770.557
     43.83,    24.7216,      770.185
     43.88,    24.7398,       770.43
     43.93,    24.7216,      769.882
     43.98,    24.7264,      770.185
     44.03,    24.7216,      770.815
     44.08,    24.7398,       770.43
     44.13,    24.7216,      769.637
     44.18,    24.7398,      770.185
     44.23,    24.7216,      769.637
     44.28,    24.7398,      769.695
     44.33,    24.7264,      769.882
     44.38,    24.7398,      770.557
     44.43,    24.7264,      770.127
     44.48,    24.7398,      768.496
     44.53,    24.7398,      769.882
     44.58,    24.7216,      769.637
     44.63,    24.7398,       769.94
     44.68,    24.7398,      769.882
     44.73,    24.7398,      769.637
     44.78,    24.7398,      769.882
     44.83,    24.7216,      769.882
     44.88,    24.7398,      770.185
     44.93,    24.7398,      769.637
     44.98,    24.7456,      769.882
     45.03,    24.7398,      770.238
     45.08,    24.7456,      769.637
     45.13,    24.7398,      770.496
     45.18,    24.7398,      769.637
     45.23,    24.7264,      769.637
     45.28,    24.7398,      770.299
     45.33,    24.7398,      769.637
     45.38,    24.7398,      769.882
     45.43,    24.7398,      769.637
     45.48,    24.7398,      769.637
     45.53,    24.7398,      769.882
     45.58,    24.7398,      769.637
     45.63,     24.758,      769.637
     45.68,    24.7398,      769.334
     45.73,    24.7398,      769.637
     45.78,    24.7264,      769.392
     45.83,    24.7398,      767.727
     45.88,    24.7456,      769.392
     45.93,     24.758,      769.722
     45.98,    24.7398,      768.845
     46.03,    24.7456,      769.148
     46.08,    24.7398,      769.722
     46.13,    24.7398,      768.903
     46.18,     24.758,      769.148
     46.23,    24.7398,      768.601
     46.28,     24.758,      769.148
     46.33,    24.7398,      768.601
     46.38,     24.758,      769.148
     46.43,    24.7398,      768.845
     46.48,    24.7647,      769.148
     46.53,     24.758,      769.146
     46.58,    24.7264,      768.601
     46.63,     24.758,       767.47
     46.68,     24.758,      768.601
     46.73,     24.758,      768.845
     46.78,    24.7398,      769.334
     46.83,     24.758,      769.392
     46.88,     24.758,       769.09
     46.93,    24.7647,      768.845
     46.98,     24.758,      769.661
     47.03,     24.758,       769.09
     47.08,     24.758,       769.09
     47.13,     24.758,      769.334
     47.18,    24.7456,      768.845
     47.23,     24.758,      769.722
     47.28,    24.7647,       769.09
     47.33,     24.758,      769.403
     47.38,     24.758,      768.845
     47.43,    24.7762,       769.09
     47.48,     24.758,      768.543
     47.53,    24.7456,      768.845
     47.58,     24.758,      767.409
     47.63,     24.758,      768.845
     47.68,     24.758,      768.845
     47.73,    24.7762,      768.845
     47.78,     24.758,      768.543
     47.83,     24.758,      768.845
     47.88,    24.7647,      768.601
     47.93,     24.758,      769.146
     47.98,    24.7647,      768.845
     48.03,    24.7762,      769.146
     48.08,     24.758,      768.299
     48.13,    24.7647,      768.601
     48.18,     24.758,      769.146
     48.23,    24.7762,      768.601
     48.28,     24.758,      768.543
     48.33,     24.758,      768.601
     48.38,    24.7762,      768.845
     48.43,     24.758,      768.054
     48.48,    24.7762,      768.601
     48.53,     24.758,      768.299
     48.58,    24.7647,      768.601
     48.63,     24.758,      766.579
     48.68,    24.7839,      768.845
     48.73,     24.758,      768.827
     48.78,    24.7839,       769.09
     48.83,    24.7762,      768.827
     48.88,     24.758,      768.787
     48.93,    24.7762,      768.845
     48.98,    24.7762,      768.787
     49.03,     24.758,      768.543
     49.08,    24.7762,      768.845
     49.13,    24.7762,      768.543
     49.18,     24.758,      768.299
     49.23,    24.7762,      768.845
     49.28,    24.7647,      768.299
     49.33,     24.758,      769.146
     49.38,    24.7762,      768.601
     49.43,    24.7647,      768.299
     49.48,     24.758,      766.579
     49.53,    24.7647,      768.601
     49.58,    24.7762,      769.146
     49.63,    24.7762,      768.054
     49.68,     24.758,      768.054
     49.73,    24.7762,      768.113
     49.78,     24.758,      768.054
     49.83,    24.7762,      768.601
     49.88,    24.7762,      768.054
     49.93,     24.758,      768.299
     49.98,    24.7839,      768.845
     50.03,     24.758,       768.57
     50.08,     24.758,      768.601
     50.13,    24.7839,      768.601
     50.18,     24.758,       768.57
     50.23,    24.7456,      768.357
     50.28,    24.7762,      766.896
     50.33,     24.758,      768.054
     50.38,     24.758,      768.113
     50.43,     24.758,      768.357
     50.48,     24.758,      768.113
     50.53,     24.758,      768.601
     50.58,    24.7762,      768.357
     50.63,     24.758,      768.054
     50.68,    24.7762,      768.845
     50.73,     24.758,      768.299
     50.78,    24.7839,       769.09
     50.83,    24.7944,        769.6
     50.88,    24.7839,      768.485
     50.93,    24.7762,        769.6
     50.98,    24.7762,      769.032
     51.03,     24.803,      769.276
     51.08,    24.7762,      769.282
     51.13,    24.7762,      769.521
     51.18,    24.7944,      769.276
     51.23,    24.7762,      769.219
     51.28,    24.7944,      769.276
     51.33,    24.7762,      769.219
     51.38,    24.7944,      769.521
     51.43,    24.7693,      769.219
     51.48,    24.7866,      768.984
     51.53,     24.803,      768.929
     51.58,    24.7944,       769.54
     51.63,    24.7762,      769.464
     51.68,     24.803,      769.766
     51.73,    24.7839,      770.056
     51.78,    24.7944,      768.313
     51.83,    24.7839,      769.954
     51.88,     24.803,      770.633
     51.93,    24.7944,      770.573
     51.98,    24.7944,      770.199
     52.03,    24.7762,      770.199
     52.08,     24.803,      770.502
     52.13,    24.7762,      770.573
     52.18,    24.7647,      770.502
     52.23,     24.803,      768.631
     52.28,    24.7839,      770.573
     52.33,    24.7839,      770.892
     52.38,    24.7647,      770.633
     52.43,    24.7647,      768.888
     52.48,    24.7762,      770.952
     52.53,    24.7762,      770.257
     52.58,    24.7762,      770.257
     52.63,    24.7762,      770.502
     52.68,    24.7944,      770.502
     52.73,    24.7762,      769.954
     52.78,    24.7762,      770.502
     52.83,    24.7762,      770.257
     52.88,    24.7762,      770.257
     52.93,    24.7839,      770.257
     52.98,    24.7762,      771.151
     53.03,    24.7839,       771.24
     53.08,    24.7647,       771.41
     53.13,    24.7944,      769.403
     53.18,    24.7839,      770.691
     53.23,    24.7762,      771.669
     53.28,    24.7762,      770.994
     53.33,    24.7944,      770.748
     53.38,    24.7762,      770.199
     53.43,    24.7762,      770.502
     53.48,    24.7693,      770.257
     53.53,    24.7762,      769.683
     53.58,    24.7762,      769.032
     53.63,    24.7839,      768.787
     53.68,     24.758,      769.342
     53.73,     24.758,       769.09
     53.78,    24.7647,      769.579
     53.83,     24.758,      770.177
     53.88,    24.7647,      771.297
     53.93,    24.7264,      772.248
     53.98,    24.7398,      770.557
     54.03,    24.7456,      771.601
     54.08,     24.758,      773.088
     54.13,     24.758,      771.789
     54.18,    24.7346,      771.789
     54.23,    24.7346,      770.027
     54.28,    24.7216,      767.237
     54.33,    24.7216,      766.284
     54.38,    24.7216,      766.041
     54.43,    24.7216,      766.041
     54.48,    24.7216,      766.284
     54.53,    24.7073,      766.041
     54.58,    24.7216,      764.725
     54.63,    24.7264,      766.284
     54.68,    24.7216,      766.703
     54.73,    24.7216,      766.284
     54.78,    24.7216,      766.284
     54.83,    24.7216,      766.284
     54.88,    24.7216,      766.284
     54.93,    24.7216,      766.041
     54.98,    24.7173,      766.284
     55.03,    24.7264,      765.905
     55.08,    24.7216,      766.703
     55.13,    24.7264,      766.284
     55.18,    24.7264,      766.703
     55.23,    24.7073,      766.703
     55.28,    24.7216,      764.725
     55.33,    24.7216,      766.284
     55.38,    24.7034,      766.041
     55.43,    24.7216,      766.586
     55.48,    24.7216,      766.284
     55.53,    24.7216,      766.284
     55.58,    24.7264,      766.041
     55.63,    24.7034,      766.703
     55.68,    24.7216,      766.586
     55.73,    24.7264,      766.041
     55.78,    24.7216,      766.958
     55.83,    24.7264,      766.041
     55.88,    24.7073,      766.703
     55.93,    24.7073,      764.725
     55.98,    24.7216,       767.02
     56.03,    24.7264,      766.284
     56.08,    24.7073,      766.703
     56.13,    24.7216,       767.02
     56.18,    24.7073,      766.284
     56.23,    24.7034,      764.725
     56.28,    24.7264,      766.586
     56.33,    24.7034,      766.703
     56.38,    24.7216,      766.586
     56.43,    24.7073,      766.284
     56.48,    24.7216,       767.02
     56.53,    24.7073,      766.284
     56.58,    24.7073,       767.02
     56.63,    24.7034,      764.725
     56.68,    24.7073,      766.586
     56.73,    24.7264,       767.02
     56.78,    24.7034,      766.958
     56.83,    24.7073,      766.586
     56.88,    24.7034,       767.02
     56.93,    24.7034,      766.586
     56.98,    24.7216,      766.586
     57.03,    24.7034,      766.526
     57.08,    24.7034,      766.586
     57.13,    24.7034,      766.586
     57.18,    24.7034,      766.586
     57.23,    24.6881,      766.586
     57.28,    24.7034,      765.297
     57.33,    24.7073,      766.586
     57.38,    24.7073,      767.276
     57.43,    24.7034,       767.02
     57.48,    24.7073,      766.828
     57.53,    24.6852,      767.276
     57.58,    24.6881,      766.888
     57.63,    24.7034,      765.042
     57.68,    24.7073,      766.828
     57.73,    24.6852,       767.02
     57.78,    24.7034,       767.13
     57.83,    24.7034,      766.828
     57.88,    24.6852,      766.586
     57.93,    24.7034,       767.13
     57.98,    24.6881,      766.828
     58.03,    24.7034,      767.851
     58.08,    24.6881,      766.828
     58.13,    24.7034,      767.851
     58.18,    24.6689,      766.828
     58.23,    24.6852,      765.869
     58.28,    24.7034,      767.373
     58.33,    24.6881,      767.071
     58.38,    24.6852,      767.851
     58.43,    24.7034,      767.373
     58.48,    24.6852,      767.314
     58.53,    24.6852,      767.373
     58.58,    24.7034,       767.86
     58.63,    24.6852,      767.314
     58.68,    24.6852,      767.617
     58.73,    24.7073,       767.86
     58.78,    24.7034,      768.045
     58.83,    24.7073,      770.243
     58.88,    24.6852,      770.876
     58.93,    24.6881,      768.347
     58.98,    24.6852,      765.806
     59.03,    24.6852,      767.617
     59.08,    24.7034,      767.617
     59.13,    24.6852,      767.314
     59.18,    24.6881,      767.617
     59.23,    24.6852,      767.851
     59.28,    24.7034,      767.617
     59.33,    24.6852,      767.071
     59.38,    24.6852,      767.617
     59.43,    24.6881,      767.373
     59.48,    24.6852,      767.851
     59.53,    24.7073,      767.617
     59.58,    24.6852,      767.532
     59.63,    24.6689,      767.617
     59.68,    24.6881,      765.869
     59.73,    24.6852,      768.107
     59.78,    24.6852,      767.373
     59.83,    24.6852,      767.373
     59.88,    24.6881,      767.373
     59.93,    24.6852,      767.851
     59.98,    24.6852,      767.373
     60.03,    24.6852,      767.373
     60.08,    24.6689,      766.888
     60.13,    24.6852,      767.913
     60.18,    24.6689,      766.888
     60.23,     24.667,      765.614
     60.28,    24.6881,      767.676
     60.33,    24.6881,      767.594
     60.38,     24.667,      767.594
     60.43,    24.6881,      767.433
     60.48,     24.667,      767.594
     60.53,    24.6852,      766.947
     60.58,    24.6689,      766.888
     60.63,     24.667,      765.614
     60.68,    24.6852,      767.433
     60.73,    24.6689,       767.13
     60.78,    24.6852,      767.913
     60.83,     24.667,      766.888
     60.88,    24.6881,       767.19
     60.93,     24.667,      767.594
     60.98,    24.6881,      767.433
     61.03,     24.667,      767.594
     61.08,    24.6852,       767.19
     61.13,    24.6689,      766.888
     61.18,     24.667,      765.614
     61.23,    24.6826,       767.19
     61.28,    24.6852,      768.564
     61.33,     24.667,       767.13
     61.38,    24.6852,       767.19
     61.43,     24.667,       767.13
     61.48,    24.6852,      766.947
     61.53,    24.6498,       767.13
     61.58,    24.6852,      765.677
     61.63,     24.667,       767.13
     61.68,    24.6689,      767.433
     61.73,    24.6852,      767.913
     61.78,    24.6689,       767.13
     61.83,     24.667,      767.657
     61.88,     24.667,      766.947
     61.93,    24.6689,       767.19
     61.98,     24.667,      767.657
     62.03,     24.667,      766.947
     62.08,     24.667,       767.19
     62.13,     24.667,       767.19
     62.18,     24.667,      766.947
     62.23,    24.6488,      766.947
     62.28,     24.667,      767.249
     62.33,    24.6498,      766.704
     62.38,    24.6488,      765.423
     62.43,    24.6689,      767.007
     62.48,    24.6488,      767.401
     62.53,     24.667,      766.764
     62.58,    24.6498,      766.704
     62.63,    24.6488,      767.464
     62.68,    24.6488,      766.764
     62.73,    24.6689,      767.007
     62.78,    24.6488,      767.145
     62.83,    24.6488,      767.249
     62.88,    24.6488,      767.249
     62.93,    24.6488,      767.007
     62.98,     24.667,      767.249
     63.03,    24.6488,      766.947
     63.08,    24.6498,      767.249
     63.13,     24.667,      765.169
     63.18,     24.667,      766.947
     63.23,    24.6689,      766.947
     63.28,     24.667,      767.657
     63.33,     24.667,      766.704
     63.38,    24.6689,       766.22
     63.43,    24.6852,      767.401
     63.48,     24.667,      766.645
     63.53,     24.667,      766.704
     63.58,     24.667,      766.947
     63.63,     24.667,      766.462
     63.68,    24.6689,       766.22
     63.73,     24.667,       766.89
     63.78,    24.6498,      766.947
     63.83,     24.667,      765.169
     63.88,    24.6689,      766.947
     63.93,     24.667,      767.401
     63.98,    24.6689,      766.704
     64.03,     24.667,      767.401
     64.08,     24.667,      766.947
     64.13,     24.648,      766.704
     64.18,     24.667,      766.594
     64.23,    24.6488,      766.704
     64.28,    24.6689,      767.249
     64.33,    24.6689,      767.145
     64.38,    24.6488,      767.401
     64.43,    24.6598,      766.764
     64.48,    24.6498,      766.389
     64.53,    24.6498,      767.464
     64.58,    24.6509,      765.169
     64.63,    24.6689,      767.972
     64.68,    24.6306,      767.145
     64.73,    24.6689,      765.486
     64.78,    24.6488,       766.89
     64.83,    24.6498,      767.007
     64.88,    24.6488,      767.208
     64.93,    24.6488,      766.279
     64.98,    24.6488,      766.522
     65.03,    24.6498,      766.764
     65.08,    24.6306,      767.464
     65.13,    24.6498,      765.232
     65.18,    24.6498,      767.464
     65.23,    24.6689,      766.953
     65.28,    24.6488,       766.89
     65.33,    24.6306,      766.522
     65.38,    24.6488,      764.978
     65.43,    24.6498,      766.522
     65.48,    24.6488,      767.208
     65.53,    24.6689,      766.522
     65.58,     24.648,      766.634
     65.63,    24.6488,      766.132
     65.68,     24.648,      766.522
     65.73,    24.6689,      765.902
     65.78,    24.6488,       766.89
     65.83,    24.6488,      766.522
     65.88,    24.6689,      766.522
     65.93,    24.6488,      766.634
     65.98,    24.6498,      766.522
     66.03,     24.648,      766.953
     66.08,    24.6488,      765.902
     66.13,    24.6488,      766.522
     66.18,    24.6488,      766.279
     66.23,    24.6488,      766.522
     66.28,     24.648,      766.522
     66.33,    24.6488,      766.132
     66.38,     24.667,      766.279
     66.43,     24.648,       766.22
     66.48,    24.6488,      765.902
     66.53,    24.6498,      766.522
     66.58,    24.6488,      766.953
     66.63,    24.6488,      766.522
     66.68,    24.6488,      766.522
     66.73,    24.6689,      766.522
     66.78,    24.6306,      766.634
     66.83,    24.6488,       766.19
     66.88,     24.667,      766.522
     66.93,    24.6488,      765.977
     66.98,    24.6306,      766.522
     67.03,    24.6637,       766.19
     67.08,    24.6306,      767.046
     67.13,    24.6637,      765.614
     67.18,    24.6472,      767.046
     67.23,    24.6488,      765.339
     67.28,    24.6498,      766.279
     67.33,    24.6498,      766.953
     67.38,    24.6498,      766.953
     67.43,    24.6488,      766.953
     67.48,    24.6488,      766.279
     67.53,    24.6306,      766.279
     67.58,    24.6488,      766.582
     67.63,    24.6488,      766.279
     67.68,    24.6488,      766.279
     67.73,    24.6488,      766.279
     67.78,    24.6488,      766.522
     67.83,    24.6306,      766.279
     67.88,     24.648,      765.959
     67.93,    24.6488,      765.902
     67.98,    24.6306,      766.279
     68.03,    24.6488,      765.959
     68.08,    24.6488,      766.522
     68.13,     24.648,      766.522
     68.18,    24.6488,      767.982
     68.23,    24.6488,      766.279
     68.28,    24.6306,      766.279
     68.33,    24.6488,      766.582
     68.38,    24.6306,      766.279
     68.43,    24.6488,       766.19
     68.48,    24.6488,      766.279
     68.53,    24.6306,      766.279
     68.58,    24.6488,      766.824
     68.63,    24.6488,      766.279
     68.68,    24.6306,      766.279
     68.73,    24.6488,      766.824
     68.78,    24.6306,      766.279
     68.83,    24.6498,      766.582
     68.88,    24.6488,      766.953
     68.93,    24.6306,      766.279
     68.98,    24.6306,      764.978
     69.03,    24.6498,      766.824
     69.08,    24.6306,      766.697
     69.13,    24.6488,      766.824
     69.18,    24.6306,      766.279
     69.23,    24.6498,      766.582
     69.28,    24.6306,      766.953
     69.33,    24.6306,      766.582
     69.38,    24.6488,      766.824
     69.43,    24.6306,      766.279
     69.48,    24.6488,      767.271
     69.53,    24.6115,      766.279
     69.58,    24.6498,      765.042
     69.63,    24.6306,      766.953
     69.68,    24.6306,      766.339
     69.73,    24.6498,      766.824
     69.78,    24.6306,      766.697
     69.83,    24.6306,      766.582
     69.88,    24.6498,      766.339
     69.93,    24.6306,      766.953
     69.98,    24.6306,      766.582
     70.03,    24.6306,      764.724
     70.08,    24.6306,      766.339
     70.13,    24.6306,      766.582
     70.18,    24.6306,      767.016
     70.23,    24.6498,      766.582
     70.28,    24.6306,      766.697
     70.33,    24.6306,      766.582
     70.38,    24.6306,      767.016
     70.43,    24.6115,      766.582
     70.48,    24.6306,      765.042
     70.53,    24.6306,      766.582
     70.58,    24.6498,      766.339
     70.63,    24.6306,      766.697
     70.68,    24.6306,      766.582
     70.73,    24.6124,      766.339
     70.78,    24.6498,      766.884
     70.83,    24.6306,      766.697
     70.88,    24.6306,      766.339
     70.93,    24.6306,      767.016
     70.98,    24.6115,      766.339
     71.03,    24.6306,      764.788
     71.08,    24.6306,      767.016
     71.13,    24.6306,      766.339
     71.18,    24.6306,      766.339
     71.23,    24.6306,      767.016
     71.28,    24.6306,      766.097
     71.33,    24.6306,      766.339
     71.38,    24.6306,      767.016
     71.43,    24.6306,      766.339
     71.48,    24.6306,      766.097
     71.53,    24.6115,      766.339
     71.58,    24.6306,      764.788
     71.63,    24.6306,      767.016
     71.68,    24.6498,      766.097
     71.73,    24.6306,      766.697
     71.78,    24.6306,       766.76
     71.83,    24.6306,      766.339
     71.88,    24.6115,      766.097
     71.93,    24.6306,      764.788
     71.98,    24.6306,      766.339
     72.03,    24.6306,      766.097
     72.08,    24.6306,       766.76
     72.13,    24.6488,      766.339
     72.18,    24.6306,      765.795
     72.23,    24.6306,      766.339
     72.28,    24.6306,       766.76
     72.33,    24.6306,      766.097
     72.38,    24.6115,       766.76
     72.43,    24.6306,      764.788
     72.48,    24.6498,      766.097
     72.53,    24.6306,      766.442
     72.58,    24.6306,      766.097
     72.63,    24.6306,       766.76
     72.68,    24.6306,      766.097
     72.73,    24.6306,      766.097
     72.78,    24.6306,      766.097
     72.83,    24.6306,       766.76
     72.88,    24.6306,      766.097
     72.93,    24.6488,      765.855
     72.98,    24.6306,      765.795
     73.03,    24.6115,      766.097
     73.08,    24.6306,      764.534
     73.13,    24.6306,       766.76
     73.18,    24.6498,      765.855
     73.23,    24.6306,      766.442
     73.28,    24.6306,      765.855
     73.33,    24.6306,       766.76
     73.38,    24.6306,      765.855
     73.43,    24.6115,      766.097
     73.48,    24.6306,      764.534
     73.53,    24.6306,      765.855
     73.58,    24.6306,      766.097
     73.63,    24.6306,      765.855
     73.68,    24.6306,      766.097
     73.73,    24.6306,      766.505
     73.78,    24.6306,      765.855
     73.83,    24.6124,      766.505
     73.88,    24.6306,        766.4
     73.93,    24.6306,      766.505
     73.98,    24.6115,      765.855
     74.03,    24.6306,      764.534
     74.08,    24.6306,      765.855
     74.13,    24.6124,      765.855
     74.18,    24.6306,      766.158
     74.23,    24.6306,      765.855
     74.28,    24.6124,      765.855
     74.33,    24.6306,      766.158
     74.38,    24.6306,      766.505
     74.43,    24.6306,      765.855
     74.48,    24.6124,      766.505
     74.53,    24.6306,      766.158
     74.58,    24.6124,      766.505
     74.63,    24.6306,      766.158
     74.68,    24.6115,      765.855
     74.73,    24.6124,      764.534
     74.78,    24.6306,      766.158
     74.83,    24.6124,      765.614
     74.88,    24.6124,      765.916
     74.93,    24.6306,      766.158
     74.98,    24.6124,       766.25
     75.03,    24.6124,      765.916
     75.08,    24.6306,      765.674
     75.13,    24.6124,      765.741
     75.18,    24.6306,      765.916
     75.23,    24.6115,       766.25
     75.28,    24.6124,      764.027
     75.33,    24.6115,      766.158
     75.38,    24.6124,      766.824
     75.43,    24.6306,      766.158
     75.48,    24.6124,      765.614
     75.53,    24.6115,      765.916
     75.58,    24.6124,      766.314
     75.63,    24.6124,      765.674
     75.68,    24.6124,      765.916
     75.73,    24.5942,      765.916
     75.78,    24.6115,      765.976
     75.83,    24.6124,      766.314
     75.88,    24.6124,      765.916
     75.93,    24.6124,      766.158
     75.98,    24.5942,      765.432
     76.03,    24.6124,      765.735
     76.08,    24.6124,      765.916
     76.13,    24.6124,      766.158
     76.18,    24.6124,      765.674
     76.23,     24.596,      765.674
     76.28,    24.6124,      765.844
     76.33,    24.6124,      765.674
     76.38,    24.6124,      766.158
     76.43,    24.6124,      766.158
     76.48,    24.6124,      765.674
     76.53,    24.6115,      766.158
     76.58,    24.6124,      766.569
     76.63,    24.6124,      766.158
     76.68,    24.5923,      765.916
     76.73,    24.6124,      764.598
     76.78,    24.6133,      765.916
     76.83,    24.6133,      767.401
     76.88,     24.596,      765.096
     76.93,    24.6133,      765.614
     76.98,    24.6133,      765.326
     77.03,    24.6161,      767.401
